-- MySQL dump 10.13  Distrib 8.0.34, for Win64 (x86_64)
--
-- Host: 127.0.0.1    Database: nodelogin
-- ------------------------------------------------------
-- Server version	8.0.35

/*!40101 SET @OLD_CHARACTER_SET_CLIENT=@@CHARACTER_SET_CLIENT */;
/*!40101 SET @OLD_CHARACTER_SET_RESULTS=@@CHARACTER_SET_RESULTS */;
/*!40101 SET @OLD_COLLATION_CONNECTION=@@COLLATION_CONNECTION */;
/*!50503 SET NAMES utf8 */;
/*!40103 SET @OLD_TIME_ZONE=@@TIME_ZONE */;
/*!40103 SET TIME_ZONE='+00:00' */;
/*!40014 SET @OLD_UNIQUE_CHECKS=@@UNIQUE_CHECKS, UNIQUE_CHECKS=0 */;
/*!40014 SET @OLD_FOREIGN_KEY_CHECKS=@@FOREIGN_KEY_CHECKS, FOREIGN_KEY_CHECKS=0 */;
/*!40101 SET @OLD_SQL_MODE=@@SQL_MODE, SQL_MODE='NO_AUTO_VALUE_ON_ZERO' */;
/*!40111 SET @OLD_SQL_NOTES=@@SQL_NOTES, SQL_NOTES=0 */;

--
-- Table structure for table `accounts`
--

DROP TABLE IF EXISTS `accounts`;
/*!40101 SET @saved_cs_client     = @@character_set_client */;
/*!50503 SET character_set_client = utf8mb4 */;
CREATE TABLE `accounts` (
  `username` varchar(45) NOT NULL,
  `password` varchar(255) NOT NULL,
  `email` varchar(100) DEFAULT NULL,
  `isactive` varchar(100) NOT NULL DEFAULT 'true',
  `groupname` varchar(255) DEFAULT NULL,
  PRIMARY KEY (`username`),
  UNIQUE KEY `username_UNIQUE` (`username`)
) ENGINE=InnoDB DEFAULT CHARSET=utf8mb3;
/*!40101 SET character_set_client = @saved_cs_client */;

--
-- Dumping data for table `accounts`
--

LOCK TABLES `accounts` WRITE;
/*!40000 ALTER TABLE `accounts` DISABLE KEYS */;
INSERT INTO `accounts` VALUES ('admin','$2a$10$MU2tfkrWdK3Ks7M7vaYC4ukcoMjiVI1GTfULl3eluWVKViey3zTfS','admin@gmail.com','true','admin'),('admin1','$2a$10$erLOHYa0CQ/Pd1WnD31qhOkdNe2Z95dhtUIo7h.r5u2nK7oOEiENe','admin1@gmail.com','true','admin'),('admin2','$2a$10$gauYK5Rk6hzOxEUWBt6sMuu9eEa/KXeK.BmssP9TYc.WKy8h4xfAu','admin2@gmail.com','false','admin'),('dev','$2a$10$Y8iHNx8JvsFGeuDrWeAIeuGzRSyY9MgDSqDRGSP2ODEjkFoJtPzka','lye.yong.xin.9660@gmail.com','true','devteam'),('pl','$2a$10$.e50wkJS3bIuDBCfiJPRJuWdkkylwllweRjx8ewUoZu3E9MblL.ZK','lavender.lye.9660@gmail.com','true','admin, pl1, projectlead'),('pm','$2a$10$dhs7Am09fXki5/7ckbgbiOsKodR6XYFX1Rbg.tpB69.AcZe9EIRVW','pastel.sky.9660@gmail.com','true','pm1'),('test','$2a$10$aEh1mq6fJIqeKfdp.ZTiBOxVpQCaEEJOvRMue9BPZzNjFtDlmEz9u','disableduser@gmail.com','false',''),('user1','$2a$10$elVHGkDaERob1jYQ8sVDyukDHo92hqOTRkmSXWjJf8oyv6PGYT576','lavender.lye.9660@gmail.com','true','admin, projectlead, pl1'),('user2','$2a$10$j.JXZpUo3haU0RrYMjsrEubQEk6SuBAMUOLoV6a9S4Z6P128UszpS','pastel.sky.9660@gmail.com','true','pm1, projectlead'),('user3','$2a$10$Ai9JujwDshrZKlptz0gp8.LNktvvHVndMzR1YnnHOIGDNRkMFN3ia','lye.yong.xin.9660@gmail.com','true','devteam');
/*!40000 ALTER TABLE `accounts` ENABLE KEYS */;
UNLOCK TABLES;

--
-- Table structure for table `applications`
--

DROP TABLE IF EXISTS `applications`;
/*!40101 SET @saved_cs_client     = @@character_set_client */;
/*!50503 SET character_set_client = utf8mb4 */;
CREATE TABLE `applications` (
  `app_acronym` varchar(45) NOT NULL,
  `app_description` varchar(255) DEFAULT NULL,
  `app_rnumber` int NOT NULL,
  `app_startdate` varchar(50) NOT NULL,
  `app_enddate` varchar(50) NOT NULL,
  `app_permit_create` varchar(45) NOT NULL,
  `app_permit_open` varchar(45) NOT NULL,
  `app_permit_todolist` varchar(45) NOT NULL,
  `app_permit_doing` varchar(45) NOT NULL,
  `app_permit_done` varchar(45) NOT NULL,
  PRIMARY KEY (`app_acronym`),
  UNIQUE KEY `app_acronym_UNIQUE` (`app_acronym`)
) ENGINE=InnoDB DEFAULT CHARSET=utf8mb3;
/*!40101 SET character_set_client = @saved_cs_client */;

--
-- Dumping data for table `applications`
--

LOCK TABLES `applications` WRITE;
/*!40000 ALTER TABLE `applications` DISABLE KEYS */;
INSERT INTO `applications` VALUES ('ABC',NULL,20,'2024-01-11','2024-06-09','pl2','pm2','devteam','devteam','pl2'),('app1','',31,'2024-01-10','2024-09-10','pl1','pm1','devteam','devteam','pl1'),('app123','',1,'2024-01-05','2023-08-09','devteam','devteam','devteam','devteam','devteam'),('app2','good app',0,'2024-02-11','2024-09-11','pl1','pm1','devteam','devteam','pl1'),('app3','good app',0,'2024-02-10','2024-09-10','pl1','pm1','devteam','devteam','pl1'),('app4','',10000,'2024-01-19','2024-04-27','pl2','pm2','devteam','devteam','pl2'),('apptest',NULL,0,'2024-01-08','2024-06-08','pl1','pm1','devteam','devteam','pl1'),('aquarium','',14,'2024-01-25','2024-02-25','pl1','pm1','devteam','devteam','pl1'),('zoo','',3,'2024-01-23','2024-02-29','pl2','pm2','devteam','devteam','pl2'),('zoo1','This is the most beautiful zoo i have ever seen',12,'2024-01-25','2024-02-25','pl1','pm1','devteam','devteam','pl1');
/*!40000 ALTER TABLE `applications` ENABLE KEYS */;
UNLOCK TABLES;

--
-- Table structure for table `plans`
--

DROP TABLE IF EXISTS `plans`;
/*!40101 SET @saved_cs_client     = @@character_set_client */;
/*!50503 SET character_set_client = utf8mb4 */;
CREATE TABLE `plans` (
  `plan_mvp_name` varchar(45) NOT NULL,
  `plan_startdate` varchar(50) NOT NULL,
  `plan_enddate` varchar(50) NOT NULL,
  `plan_app_acronym` varchar(45) NOT NULL,
  PRIMARY KEY (`plan_mvp_name`,`plan_app_acronym`)
) ENGINE=InnoDB DEFAULT CHARSET=utf8mb3;
/*!40101 SET character_set_client = @saved_cs_client */;

--
-- Dumping data for table `plans`
--

LOCK TABLES `plans` WRITE;
/*!40000 ALTER TABLE `plans` DISABLE KEYS */;
INSERT INTO `plans` VALUES ('broke season','2024-02-25','2024-03-25','aquarium'),('open season','2024-01-25','2024-02-25','aquarium'),('sprint 1','2024-01-25','2024-02-25','app2'),('sprint 1','2024-01-25','2024-02-25','zoo1'),('sprint 2','2024-02-25','2024-03-25','zoo1'),('sprint 3','2024-01-26','2024-02-24','ABC'),('sprint1','2024-01-20','2024-02-29','ABC'),('sprint1','2024-01-19','2024-02-29','app1'),('sprint1','2024-01-16','2024-02-16','app2'),('sprint1','2024-01-18','2024-03-18','app4'),('sprint1','2024-01-24','2024-02-24','zoo'),('sprint2','2024-03-01','2024-04-30','ABC'),('sprint2','2024-03-06','2024-04-30','app1'),('sprint2','2024-02-16','2024-03-16','app2'),('sprint2','2024-01-26','2024-02-20','app3'),('sprint2','2024-02-24','2024-02-24','zoo'),('sprint3','2024-05-01','2024-05-31','app1'),('sprint4','2024-01-17','2024-01-29','app1'),('sprint5','2024-01-29','2024-05-03','app1');
/*!40000 ALTER TABLE `plans` ENABLE KEYS */;
UNLOCK TABLES;

--
-- Table structure for table `tasks`
--

DROP TABLE IF EXISTS `tasks`;
/*!40101 SET @saved_cs_client     = @@character_set_client */;
/*!50503 SET character_set_client = utf8mb4 */;
CREATE TABLE `tasks` (
  `task_name` varchar(255) NOT NULL,
  `task_id` varchar(125) NOT NULL,
  `task_description` varchar(255) DEFAULT NULL,
  `task_status` varchar(45) NOT NULL DEFAULT 'Open',
  `task_creator` varchar(50) NOT NULL,
  `task_owner` varchar(50) NOT NULL,
  `task_createdate` varchar(50) NOT NULL,
  `task_notes` longtext,
  `task_plan` varchar(45) DEFAULT NULL,
  `task_app_acronym` varchar(45) NOT NULL,
  PRIMARY KEY (`task_id`),
  UNIQUE KEY `task_id_UNIQUE` (`task_id`)
) ENGINE=InnoDB DEFAULT CHARSET=utf8mb3;
/*!40101 SET character_set_client = @saved_cs_client */;

--
-- Dumping data for table `tasks`
--

LOCK TABLES `tasks` WRITE;
/*!40000 ALTER TABLE `tasks` DISABLE KEYS */;
INSERT INTO `tasks` VALUES ('Set Up Environment','ABC_1','Set up development environment to commence development and install packages','closed','user4','user2','2024-01-16','Mon Jan 22 2024 14:01:29 GMT+0800 (Singapore Standard Time)\nTask status changed from \'Done\' to \'Closed\'. Task edited by user2.\n========================================\nMon Jan 22 2024 13:31:50 GMT+0800 (Singapore Standard Time)\nTask status changed from \'Doing\' to \'Done\'. Task edited by user1.\n========================================\n========================================\nTue Jan 16 2024 16:01:16 GMT+0800 (Singapore Standard Time) - Task status changed from \'Create\' to \'Open\'. Task edited by user4.\n========================================\nNOTES: \nhello========================================\nFri Jan 19 2024 10:32:48 GMT+0800 (Singapore Standard Time) - Task status changed from \'Open\' to \'Open\'. Task edited by user2.\nNOTES: \nHello i just saved\n========================================\nFri Jan 19 2024 10:34:49 GMT+0800 (Singapore Standard Time) - Task status changed from \'Open\' to \'Open\'. Task edited by user2.\nNOTES: \nHELLLOOOO\n========================================\nFri Jan 19 2024 10:43:41 GMT+0800 (Singapore Standard Time) - Task status changed from \'Open\' to \'Open\'. Task edited by user2.\nNOTES: \nhello\n========================================\nFri Jan 19 2024 10:45:42 GMT+0800 (Singapore Standard Time) - Task status changed from \'Open\' to \'To Do\'. Task edited by user2.\nNOTES: \nUSEEFFECT FTW\n========================================\nFri Jan 19 2024 11:03:03 GMT+0800 (Singapore Standard Time) - Task status changed from \'To Do\' to \'To Do\'. Task edited by user1.\nNOTES: \nAdded desc if you are curious lol\n========================================\nFri Jan 19 2024 11:13:10 GMT+0800 (Singapore Standard Time) - Task status changed from \'To Do\' to \'To Do\'. Task edited by user1.\nNOTES: \ntest\n========================================\nFri Jan 19 2024 11:13:18 GMT+0800 (Singapore Standard Time) - Task status changed from \'To Do\' to \'Doing\'. Task edited by user1.\n\n========================================\nFri Jan 19 2024 11:26:49 GMT+0800 (Singapore Standard Time) - Task status changed from \'Doing\' to \'To Do\'. Task edited by user1.\n\n========================================\nFri Jan 19 2024 11:26:53 GMT+0800 (Singapore Standard Time) - Task status changed from \'To Do\' to \'Doing\'. Task edited by user1.\n\n========================================\nFri Jan 19 2024 11:26:59 GMT+0800 (Singapore Standard Time) - Task status changed from \'Doing\' to \'Done\'. Task edited by user1.\n\n========================================\nFri Jan 19 2024 13:58:24 GMT+0800 (Singapore Standard Time) - Task status changed from \'Done\' to \'Doing\'. Task edited by user2.\nNOTES: \nupdate to sprint 1\n','sprint1','ABC'),('Verify the fishbone diagram','ABC_10','','done','user2','user1','2024-01-19','Mon Jan 22 2024 14:32:28 GMT+0800 (Singapore Standard Time)\nTask status changed from \'Doing\' to \'Done\'. Task edited by user1.\n========================================\nMon Jan 22 2024 14:32:26 GMT+0800 (Singapore Standard Time)\nTask status changed from \'Done\' to \'Doing\'. Task edited by user1.\n========================================\nMon Jan 22 2024 14:31:57 GMT+0800 (Singapore Standard Time)\nTask status changed from \'Doing\' to \'Done\'. Task edited by user1.\n========================================\nMon Jan 22 2024 14:31:55 GMT+0800 (Singapore Standard Time)\nTask status changed from \'Done\' to \'Doing\'. Task edited by user1.\n========================================\nMon Jan 22 2024 14:30:37 GMT+0800 (Singapore Standard Time)\nTask status changed from \'Doing\' to \'Done\'. Task edited by user1.\n========================================\nMon Jan 22 2024 14:30:35 GMT+0800 (Singapore Standard Time)\nTask status changed from \'Done\' to \'Doing\'. Task edited by user1.\n========================================\nMon Jan 22 2024 14:29:40 GMT+0800 (Singapore Standard Time)\nTask status changed from \'Doing\' to \'Done\'. Task edited by user1.\n========================================\nMon Jan 22 2024 14:29:37 GMT+0800 (Singapore Standard Time)\nTask status changed from \'Done\' to \'Doing\'. Task edited by user1.\n========================================\nMon Jan 22 2024 14:29:10 GMT+0800 (Singapore Standard Time)\nTask status changed from \'Doing\' to \'Done\'. Task edited by user1.\n========================================\nMon Jan 22 2024 14:29:06 GMT+0800 (Singapore Standard Time)\nTask status changed from \'Done\' to \'Doing\'. Task edited by user1.\n========================================\nMon Jan 22 2024 14:26:15 GMT+0800 (Singapore Standard Time)\nTask status changed from \'Doing\' to \'Done\'. Task edited by user1.\n========================================\nMon Jan 22 2024 14:25:58 GMT+0800 (Singapore Standard Time)\nTask status changed from \'Done\' to \'Doing\'. Task edited by user2.\n========================================\nMon Jan 22 2024 14:25:20 GMT+0800 (Singapore Standard Time)\nTask status changed from \'Doing\' to \'Done\'. Task edited by user1.\n========================================\nMon Jan 22 2024 14:25:17 GMT+0800 (Singapore Standard Time)\nTask status changed from \'Done\' to \'Doing\'. Task edited by user1.\n========================================\nMon Jan 22 2024 14:17:34 GMT+0800 (Singapore Standard Time)\nTask status changed from \'Doing\' to \'Done\'. Task edited by user1.\n========================================\nMon Jan 22 2024 14:17:28 GMT+0800 (Singapore Standard Time)\nTask status changed from \'Done\' to \'Doing\'. Task edited by user1.\n========================================\nMon Jan 22 2024 14:04:15 GMT+0800 (Singapore Standard Time)\nTask status changed from \'Doing\' to \'Done\'. Task edited by user1.\n========================================\nMon Jan 22 2024 13:32:04 GMT+0800 (Singapore Standard Time)\nTask status changed from \'To Do\' to \'Doing\'. Task edited by user1.\n========================================\n========================================\nFri Jan 19 2024 11:20:31 GMT+0800 (Singapore Standard Time) - Task status changed from \'Create\' to \'Open\'. Task edited by user2.\n\n========================================\nFri Jan 19 2024 11:25:19 GMT+0800 (Singapore Standard Time) - Task status changed from \'Open\' to \'To Do\'. Task edited by user2.\n\n----------------------------------------\nFri Jan 19 2024 14:31:33 GMT+0800 (Singapore Standard Time)\nTask status changed from \'To Do\' to \'To Do\'. Task edited by user1.\n\nAdditional Notes from user1: \ntest\n----------------------------------------\n','sprint1','ABC'),('Review deliverables with PM','ABC_11','','todo','user2','user1','2024-01-19','Wed Jan 24 2024 09:57:04 GMT+0800 (Singapore Standard Time)\nTask status changed from \'Doing\' to \'To Do\'. Task edited by user1.\n========================================\nMon Jan 22 2024 14:29:08 GMT+0800 (Singapore Standard Time)\nTask status changed from \'Done\' to \'Doing\'. Task edited by user1.\n========================================\nMon Jan 22 2024 14:27:03 GMT+0800 (Singapore Standard Time)\nTask status changed from \'Doing\' to \'Done\'. Task edited by user1.\n========================================\nMon Jan 22 2024 14:26:07 GMT+0800 (Singapore Standard Time)\nTask status changed from \'Done\' to \'Doing\'. Task edited by user2.\n========================================\nMon Jan 22 2024 14:07:16 GMT+0800 (Singapore Standard Time)\nTask status changed from \'Doing\' to \'Done\'. Task edited by user1.\n========================================\nMon Jan 22 2024 14:07:12 GMT+0800 (Singapore Standard Time)\nTask status changed from \'To Do\' to \'Doing\'. Task edited by user1.\n========================================\n========================================\nFri Jan 19 2024 11:25:15 GMT+0800 (Singapore Standard Time) - Task status changed from \'Create\' to \'Open\'. Task edited by user2.\n\n========================================\nFri Jan 19 2024 13:35:24 GMT+0800 (Singapore Standard Time) - Task status changed from \'Open\' to \'Open\'. Task edited by user2.\n\n========================================\nFri Jan 19 2024 13:35:27 GMT+0800 (Singapore Standard Time) - Task status changed from \'Open\' to \'To Do\'. Task edited by user2.\n\n','sprint1','ABC'),('Develop function for user to create task','ABC_12','','todo','user2','user1','2024-01-19','Wed Jan 24 2024 09:57:06 GMT+0800 (Singapore Standard Time)\nTask status changed from \'Doing\' to \'To Do\'. Task edited by user1.\n========================================\nMon Jan 22 2024 14:26:09 GMT+0800 (Singapore Standard Time)\nTask status changed from \'Done\' to \'Doing\'. Task edited by user2.\n========================================\nMon Jan 22 2024 14:09:50 GMT+0800 (Singapore Standard Time)\nTask status changed from \'Doing\' to \'Done\'. Task edited by user1.\n========================================\nMon Jan 22 2024 14:09:47 GMT+0800 (Singapore Standard Time)\nTask status changed from \'To Do\' to \'Doing\'. Task edited by user1.\n========================================\nMon Jan 22 2024 14:09:41 GMT+0800 (Singapore Standard Time)\nTask status changed from \'Open\' to \'To Do\'. Task edited by user2.\n========================================\nMon Jan 22 2024 11:15:23 GMT+0800 (Singapore Standard Time)\nTask status changed from \'Open\' to \'Open\'. Task edited by user2.\n\nAdditional Notes from user2: \ntesting email\n========================================\nMon Jan 22 2024 10:06:25 GMT+0800 (Singapore Standard Time)\nTask status changed from \'Open\' to \'Open\'. Task edited by user2.\n========================================\nMon Jan 22 2024 09:43:37 GMT+0800 (Singapore Standard Time)\nTask status changed from \'Open\' to \'Open\'. Task edited by user2.\n\nAdditional Notes from user2: \nbye\n========================================\nMon Jan 22 2024 08:43:29 GMT+0800 (Singapore Standard Time)\nTask status changed from \'Open\' to \'Open\'. Task edited by user2.\n\nAdditional Notes from user2: \nhello\n========================================\n========================================\nFri Jan 19 2024 13:34:35 GMT+0800 (Singapore Standard Time) - Task status changed from \'Create\' to \'Open\'. Task edited by user2.\n\n','sprint2','ABC'),('Develop function for user to edit task','ABC_13','','doing','user2','user2','2024-01-22','Mon Jan 22 2024 14:26:11 GMT+0800 (Singapore Standard Time)\nTask status changed from \'Done\' to \'Doing\'. Task edited by user2.\n========================================\nMon Jan 22 2024 14:10:37 GMT+0800 (Singapore Standard Time)\nTask status changed from \'Doing\' to \'Done\'. Task edited by user1.\n========================================\nMon Jan 22 2024 14:10:35 GMT+0800 (Singapore Standard Time)\nTask status changed from \'To Do\' to \'Doing\'. Task edited by user1.\n========================================\nMon Jan 22 2024 14:09:43 GMT+0800 (Singapore Standard Time)\nTask status changed from \'Open\' to \'To Do\'. Task edited by user2.\n========================================\nMon Jan 22 2024 13:32:40 GMT+0800 (Singapore Standard Time)\nTask status changed from \'Create\' to \'Open\'. Task edited by user2.\n========================================\n',NULL,'ABC'),('task1','ABC_14','','done','user1','user1','2024-01-22','Mon Jan 22 2024 14:12:10 GMT+0800 (Singapore Standard Time)\nTask status changed from \'Doing\' to \'Done\'. Task edited by user1.\n========================================\nMon Jan 22 2024 14:12:07 GMT+0800 (Singapore Standard Time)\nTask status changed from \'To Do\' to \'Doing\'. Task edited by user1.\n========================================\nMon Jan 22 2024 14:12:00 GMT+0800 (Singapore Standard Time)\nTask status changed from \'Open\' to \'To Do\'. Task edited by user2.\n========================================\nMon Jan 22 2024 14:11:47 GMT+0800 (Singapore Standard Time)\nTask status changed from \'Create\' to \'Open\'. Task edited by user1.\n========================================\n',NULL,'ABC'),('task2','ABC_15','','done','user1','user1','2024-01-22','Mon Jan 22 2024 14:15:27 GMT+0800 (Singapore Standard Time)\nTask status changed from \'Doing\' to \'Done\'. Task edited by user1.\n========================================\nMon Jan 22 2024 14:15:26 GMT+0800 (Singapore Standard Time)\nTask status changed from \'To Do\' to \'Doing\'. Task edited by user1.\n========================================\nMon Jan 22 2024 14:12:02 GMT+0800 (Singapore Standard Time)\nTask status changed from \'Open\' to \'To Do\'. Task edited by user2.\n========================================\nMon Jan 22 2024 14:11:51 GMT+0800 (Singapore Standard Time)\nTask status changed from \'Create\' to \'Open\'. Task edited by user1.\n========================================\n',NULL,'ABC'),('newtask','ABC_16','','todo','user2','user1','2024-01-23','Wed Jan 24 2024 09:57:16 GMT+0800 (Singapore Standard Time)\nTask status changed from \'Doing\' to \'To Do\'. Task edited by user1.\n========================================\nWed Jan 24 2024 09:52:10 GMT+0800 (Singapore Standard Time)\nTask status changed from \'To Do\' to \'Doing\'. Task edited by user1.\n========================================\nWed Jan 24 2024 09:41:47 GMT+0800 (Singapore Standard Time)\nTask status changed from \'Open\' to \'To Do\'. Task edited by user2.\n\nAdditional Notes from user2: \npromoting\n========================================\nWed Jan 24 2024 09:41:39 GMT+0800 (Singapore Standard Time)\nTask status changed from \'Open\' to \'Open\'. Task edited by user2.\n========================================\nTue Jan 23 2024 14:43:05 GMT+0800 (Singapore Standard Time)\nTask status changed from \'Create\' to \'Open\'. Task edited by user2.\n========================================\n','sprint1','ABC'),('newtask2','ABC_17','','todo','user2','user1','2024-01-23','Wed Jan 24 2024 09:57:12 GMT+0800 (Singapore Standard Time)\nTask status changed from \'Doing\' to \'To Do\'. Task edited by user1.\n========================================\nWed Jan 24 2024 09:45:32 GMT+0800 (Singapore Standard Time)\nTask status changed from \'To Do\' to \'Doing\'. Task edited by user1.\n========================================\nWed Jan 24 2024 09:43:33 GMT+0800 (Singapore Standard Time)\nTask status changed from \'Open\' to \'To Do\'. Task edited by user2.\n========================================\nTue Jan 23 2024 17:28:53 GMT+0800 (Singapore Standard Time)\nTask status changed from \'Create\' to \'Open\'. Task edited by user2.\n========================================\n','sprint1','ABC'),('task3','ABC_18','','todo','user1','user1','2024-01-24','Wed Jan 24 2024 09:57:08 GMT+0800 (Singapore Standard Time)\nTask status changed from \'Doing\' to \'To Do\'. Task edited by user1.\n========================================\nWed Jan 24 2024 09:52:29 GMT+0800 (Singapore Standard Time)\nTask status changed from \'To Do\' to \'Doing\'. Task edited by user1.\n========================================\nWed Jan 24 2024 09:49:05 GMT+0800 (Singapore Standard Time)\nTask status changed from \'Open\' to \'To Do\'. Task edited by user1.\n========================================\nWed Jan 24 2024 09:48:53 GMT+0800 (Singapore Standard Time)\nTask status changed from \'Create\' to \'Open\'. Task edited by user1.\n========================================\n','sprint1','ABC'),('task 4','ABC_19','','todo','user1','user1','2024-01-24','Wed Jan 24 2024 09:57:10 GMT+0800 (Singapore Standard Time)\nTask status changed from \'Doing\' to \'To Do\'. Task edited by user1.\n========================================\nWed Jan 24 2024 09:53:09 GMT+0800 (Singapore Standard Time)\nTask status changed from \'To Do\' to \'Doing\'. Task edited by user1.\n========================================\nWed Jan 24 2024 09:49:44 GMT+0800 (Singapore Standard Time)\nTask status changed from \'Open\' to \'To Do\'. Task edited by user1.\n========================================\nWed Jan 24 2024 09:49:27 GMT+0800 (Singapore Standard Time)\nTask status changed from \'Create\' to \'Open\'. Task edited by user1.\n========================================\n','sprint1','ABC'),('Prepare config file','ABC_2','Prepare environment parameters','closed','user4','user2','2024-01-16','Mon Jan 22 2024 11:29:10 GMT+0800 (Singapore Standard Time)\nTask status changed from \'Done\' to \'Closed\'. Task edited by user2.\n========================================\n========================================\nTue Jan 16 2024 16:01:38 GMT+0800 (Singapore Standard Time) - Task status changed from \'Create\' to \'Open\'. Task edited by user4.\n========================================\nNOTES: \nHello world========================================\nThu Jan 18 2024 09:29:30 GMT+0800 (Singapore Standard Time) - Task status changed from \'Open\' to \'To Do\'. Task edited by user5.\n========================================\nNOTES: \nPromoting\n========================================\nFri Jan 19 2024 11:05:22 GMT+0800 (Singapore Standard Time) - Task status changed from \'To Do\' to \'Doing\'. Task edited by user1.\nNOTES: \nPromote hohohp\n========================================\nFri Jan 19 2024 11:27:09 GMT+0800 (Singapore Standard Time) - Task status changed from \'Doing\' to \'Doing\'. Task edited by user1.\n\n========================================\nFri Jan 19 2024 11:27:14 GMT+0800 (Singapore Standard Time) - Task status changed from \'Doing\' to \'Done\'. Task edited by user1.\n\n',NULL,'ABC'),('task idk what','ABC_20','','todo','user2','user1','2024-01-24','Wed Jan 24 2024 09:57:14 GMT+0800 (Singapore Standard Time)\nTask status changed from \'Doing\' to \'To Do\'. Task edited by user1.\n========================================\nWed Jan 24 2024 09:55:12 GMT+0800 (Singapore Standard Time)\nTask status changed from \'To Do\' to \'Doing\'. Task edited by user1.\n========================================\nWed Jan 24 2024 09:50:23 GMT+0800 (Singapore Standard Time)\nTask status changed from \'Open\' to \'To Do\'. Task edited by user1.\n========================================\nWed Jan 24 2024 09:50:11 GMT+0800 (Singapore Standard Time)\nTask status changed from \'Create\' to \'Open\'. Task edited by user2.\n========================================\n',NULL,'ABC'),('Get port number','ABC_3','Get port number from team B','closed','user4','user2','2024-01-16','========================================\nTue Jan 16 2024 16:01:49 GMT+0800 (Singapore Standard Time) - Task status changed from \'Create\' to \'Open\'. Task edited by user4.\n========================================\n\n========================================\nTue Jan 16 2024 17:01:45 GMT+0800 (Singapore Standard Time) - Task status changed from \'Open\' to \'Open\'. Task edited by user5.\n========================================\nNOTES: \nUpdated========================================\nWed Jan 17 2024 08:54:18 GMT+0800 (Singapore Standard Time) - Task status changed from \'Open\' to \'Open\'. Task edited by user5.\n========================================\nNOTES: \nUpdated 2========================================\nWed Jan 17 2024 09:03:30 GMT+0800 (Singapore Standard Time) - Task status changed from \'Open\' to \'To Do\'. Task edited by user5.\n========================================\nNOTES: \nPromoting\n========================================\nWed Jan 17 2024 09:04:34 GMT+0800 (Singapore Standard Time) - Task status changed from \'To Do\' to \'To Do\'. Task edited by dev.\n========================================\nNOTES: \nUpdate\n========================================\nWed Jan 17 2024 09:21:57 GMT+0800 (Singapore Standard Time) - Task status changed from \'To Do\' to \'Doing\'. Task edited by dev.\n========================================\nNOTES: \nUpdate\n========================================\nWed Jan 17 2024 09:24:44 GMT+0800 (Singapore Standard Time) - Task status changed from \'To Do\' to \'Doing\'. Task edited by dev.\n========================================\nNOTES: \nUpdate\n========================================\nWed Jan 17 2024 09:29:27 GMT+0800 (Singapore Standard Time) - Task status changed from \'To Do\' to \'Doing\'. Task edited by dev.\n========================================\nNOTES: \nUpdate for doing task\n========================================\nWed Jan 17 2024 09:30:11 GMT+0800 (Singapore Standard Time) - Task status changed from \'To Do\' to \'Doing\'. Task edited by dev.\n========================================\nNOTES: \nUpdate for doing task 2\n========================================\nWed Jan 17 2024 09:30:46 GMT+0800 (Singapore Standard Time) - Task status changed from \'To Do\' to \'To Do\'. Task edited by dev.\n========================================\nNOTES: \nUpdate for doing task 2\n========================================\nWed Jan 17 2024 09:32:22 GMT+0800 (Singapore Standard Time) - Task status changed from \'To Do\' to \'Doing\'. Task edited by dev.\n========================================\nNOTES: \nUpdate\n========================================\nWed Jan 17 2024 09:32:37 GMT+0800 (Singapore Standard Time) - Task status changed from \'Doing\' to \'Done\'. Task edited by dev.\n========================================\nNOTES: \nUpdate for doing task 2\n========================================\nWed Jan 17 2024 10:13:47 GMT+0800 (Singapore Standard Time) - Task status changed from \'Done\' to \'Done\'. Task edited by user2.\n========================================\nNOTES: \nUpdate for done task\n========================================\nWed Jan 17 2024 10:14:15 GMT+0800 (Singapore Standard Time) - Task status changed from \'Done\' to \'Doing\'. Task edited by user2.\n========================================\nNOTES: \nDemote done task\n========================================\nWed Jan 17 2024 10:14:48 GMT+0800 (Singapore Standard Time) - Task status changed from \'Doing\' to \'Done\'. Task edited by dev.\n========================================\nNOTES: \nPromote doing task\n========================================\nWed Jan 17 2024 10:16:40 GMT+0800 (Singapore Standard Time) - Task status changed from \'Done\' to \'Doing\'. Task edited by user2.\n========================================\nNOTES: \nDemote task\n========================================\nWed Jan 17 2024 10:17:03 GMT+0800 (Singapore Standard Time) - Task status changed from \'Doing\' to \'Done\'. Task edited by dev.\n========================================\nNOTES: \nPromote doing task\n========================================\nWed Jan 17 2024 10:17:26 GMT+0800 (Singapore Standard Time) - Task status changed from \'Done\' to \'Closed\'. Task edited by user2.\n========================================\nNOTES: \nPromote task\n','sprint2','ABC'),('Define interfaces','ABC_4','Create interface files','closed','user2','user2','2024-01-17','========================================\nWed Jan 17 2024 14:17:57 GMT+0800 (Singapore Standard Time) - Task status changed from \'Create\' to \'Open\'. Task edited by user2.\n========================================\n\n========================================\nFri Jan 19 2024 10:40:04 GMT+0800 (Singapore Standard Time) - Task status changed from \'Open\' to \'Open\'. Task edited by user2.\nNOTES: \ngood morning\n========================================\nFri Jan 19 2024 10:41:48 GMT+0800 (Singapore Standard Time) - Task status changed from \'Open\' to \'To Do\'. Task edited by user2.\nNOTES: \nHEY BRO\n========================================\nFri Jan 19 2024 11:12:18 GMT+0800 (Singapore Standard Time) - Task status changed from \'To Do\' to \'To Do\'. Task edited by user1.\nNOTES: \ntesting save\n========================================\nFri Jan 19 2024 11:25:30 GMT+0800 (Singapore Standard Time) - Task status changed from \'To Do\' to \'Doing\'. Task edited by user1.\n\n========================================\nFri Jan 19 2024 13:50:32 GMT+0800 (Singapore Standard Time) - Task status changed from \'Doing\' to \'To Do\'. Task edited by user1.\n\n========================================\nFri Jan 19 2024 13:50:40 GMT+0800 (Singapore Standard Time) - Task status changed from \'To Do\' to \'Doing\'. Task edited by user1.\n\n========================================\nFri Jan 19 2024 13:58:44 GMT+0800 (Singapore Standard Time) - Task status changed from \'Doing\' to \'Done\'. Task edited by user1.\nNOTES: \nbro i finished\n========================================\nFri Jan 19 2024 13:59:20 GMT+0800 (Singapore Standard Time) - Task status changed from \'Done\' to \'Doing\'. Task edited by user2.\nNOTES: \nnot done go do\n========================================\nFri Jan 19 2024 13:59:31 GMT+0800 (Singapore Standard Time) - Task status changed from \'Doing\' to \'Done\'. Task edited by user1.\nNOTES: \nfinish liao\n========================================\nFri Jan 19 2024 13:59:46 GMT+0800 (Singapore Standard Time) - Task status changed from \'Done\' to \'Done\'. Task edited by user2.\nNOTES: \nstill checking\n========================================\nFri Jan 19 2024 14:00:05 GMT+0800 (Singapore Standard Time) - Task status changed from \'Done\' to \'Closed\'. Task edited by user2.\n\n','sprint2','ABC'),('Conduct design workshops','ABC_5','Schedule workshops and send meeting agenda','closed','user2','user2','2024-01-17','Mon Jan 22 2024 11:34:50 GMT+0800 (Singapore Standard Time)\nTask status changed from \'Done\' to \'Closed\'. Task edited by user2.\n========================================\n========================================\nWed Jan 17 2024 14:25:08 GMT+0800 (Singapore Standard Time) - Task status changed from \'Create\' to \'Open\'. Task edited by user2.\n========================================\nNOTES: \nHello!\n========================================\nThu Jan 18 2024 09:31:29 GMT+0800 (Singapore Standard Time) - Task status changed from \'Open\' to \'To Do\'. Task edited by user5.\n========================================\nNOTES: \nPromoting\n========================================\nThu Jan 18 2024 09:31:58 GMT+0800 (Singapore Standard Time) - Task status changed from \'To Do\' to \'Doing\'. Task edited by dev.\n========================================\nNOTES: \nUpdate\n========================================\nFri Jan 19 2024 11:27:25 GMT+0800 (Singapore Standard Time) - Task status changed from \'Doing\' to \'Done\'. Task edited by user1.\nNOTES: \nHello\n','sprint2','ABC'),('Draft user stories','ABC_6','Define all user stories for all personas (e.g. PM, PL, Devteam)','closed','user2','user2','2024-01-19','Mon Jan 22 2024 11:36:52 GMT+0800 (Singapore Standard Time)\nTask status changed from \'Done\' to \'Closed\'. Task edited by user2.\n========================================\n========================================\nFri Jan 19 2024 10:46:23 GMT+0800 (Singapore Standard Time) - Task status changed from \'Create\' to \'Open\'. Task edited by user2.\n\n========================================\nFri Jan 19 2024 10:53:49 GMT+0800 (Singapore Standard Time) - Task status changed from \'Open\' to \'Open\'. Task edited by user2.\n\n========================================\nFri Jan 19 2024 10:54:27 GMT+0800 (Singapore Standard Time) - Task status changed from \'Open\' to \'Open\'. Task edited by user2.\n\n========================================\nFri Jan 19 2024 10:54:32 GMT+0800 (Singapore Standard Time) - Task status changed from \'Open\' to \'Open\'. Task edited by user2.\n\n========================================\nFri Jan 19 2024 11:08:03 GMT+0800 (Singapore Standard Time) - Task status changed from \'Open\' to \'Open\'. Task edited by user2.\n\n========================================\nFri Jan 19 2024 11:08:03 GMT+0800 (Singapore Standard Time) - Task status changed from \'Open\' to \'To Do\'. Task edited by user2.\n\n========================================\nFri Jan 19 2024 11:12:32 GMT+0800 (Singapore Standard Time) - Task status changed from \'To Do\' to \'Doing\'. Task edited by user1.\nNOTES: \ntesting save & promote\n========================================\nFri Jan 19 2024 11:27:52 GMT+0800 (Singapore Standard Time) - Task status changed from \'Doing\' to \'To Do\'. Task edited by user1.\n\n========================================\nFri Jan 19 2024 11:27:56 GMT+0800 (Singapore Standard Time) - Task status changed from \'To Do\' to \'Doing\'. Task edited by user1.\n\n========================================\nFri Jan 19 2024 11:28:08 GMT+0800 (Singapore Standard Time) - Task status changed from \'Doing\' to \'Done\'. Task edited by user1.\nNOTES: \nvery long way\n','sprint1','ABC'),('Revise user stories','ABC_7','','done','user2','user1','2024-01-19','Mon Jan 22 2024 14:08:48 GMT+0800 (Singapore Standard Time)\nTask status changed from \'Doing\' to \'Done\'. Task edited by user1.\n========================================\nMon Jan 22 2024 14:08:46 GMT+0800 (Singapore Standard Time)\nTask status changed from \'To Do\' to \'Doing\'. Task edited by user1.\n========================================\n========================================\nFri Jan 19 2024 10:53:02 GMT+0800 (Singapore Standard Time) - Task status changed from \'Create\' to \'Open\'. Task edited by user2.\nNOTES: \nyes\n========================================\nFri Jan 19 2024 11:08:17 GMT+0800 (Singapore Standard Time) - Task status changed from \'Open\' to \'Open\'. Task edited by user2.\n\n========================================\nFri Jan 19 2024 11:08:17 GMT+0800 (Singapore Standard Time) - Task status changed from \'Open\' to \'To Do\'. Task edited by user2.\n\n','sprint1','ABC'),('Draw interaction diagram','ABC_8','','done','user2','user1','2024-01-19','Mon Jan 22 2024 14:05:26 GMT+0800 (Singapore Standard Time)\nTask status changed from \'Doing\' to \'Done\'. Task edited by user1.\n========================================\n========================================\nFri Jan 19 2024 11:09:15 GMT+0800 (Singapore Standard Time) - Task status changed from \'Create\' to \'Open\'. Task edited by user2.\n\n========================================\nFri Jan 19 2024 11:09:20 GMT+0800 (Singapore Standard Time) - Task status changed from \'Open\' to \'Open\'. Task edited by user2.\n\n========================================\nFri Jan 19 2024 11:09:24 GMT+0800 (Singapore Standard Time) - Task status changed from \'Open\' to \'To Do\'. Task edited by user2.\n\n========================================\nFri Jan 19 2024 11:24:49 GMT+0800 (Singapore Standard Time) - Task status changed from \'To Do\' to \'Doing\'. Task edited by user1.\n\n',NULL,'ABC'),('Draw fishbone diagram','ABC_9','','closed','user2','user2','2024-01-19','Mon Jan 22 2024 14:02:22 GMT+0800 (Singapore Standard Time)\nTask status changed from \'Done\' to \'Closed\'. Task edited by user2.\n========================================\nMon Jan 22 2024 13:32:12 GMT+0800 (Singapore Standard Time)\nTask status changed from \'Doing\' to \'Done\'. Task edited by user1.\n========================================\nMon Jan 22 2024 13:31:47 GMT+0800 (Singapore Standard Time)\nTask status changed from \'To Do\' to \'Doing\'. Task edited by user1.\n========================================\n========================================\nFri Jan 19 2024 11:09:40 GMT+0800 (Singapore Standard Time) - Task status changed from \'Create\' to \'Open\'. Task edited by user2.\n\n========================================\nFri Jan 19 2024 11:20:40 GMT+0800 (Singapore Standard Time) - Task status changed from \'Open\' to \'To Do\'. Task edited by user2.\n\n========================================\nFri Jan 19 2024 14:05:20 GMT+0800 (Singapore Standard Time) - Task status changed from \'To Do\' to \'To Do\'. Task edited by user1.\n\nAdditional Notes from user: \ntesting notes\n========================================\nFri Jan 19 2024 14:06:10 GMT+0800 (Singapore Standard Time) - Task status changed from \'To Do\' to \'To Do\'. Task edited by user1.\n\nAdditional Notes from user: \ntesting further\n========================================\n========================================\nFri Jan 19 2024 14:06:15 GMT+0800 (Singapore Standard Time) - Task status changed from \'To Do\' to \'To Do\'. Task edited by user1.\n\nAdditional Notes from user: \ntest x3\n========================================\n========================================\nFri Jan 19 2024 14:06:40 GMT+0800 (Singapore Standard Time) - Task status changed from \'To Do\' to \'To Do\'. Task edited by user1.\n\nAdditional Notes from user: \nhihi\n========================================\n========================================\nFri Jan 19 2024 14:07:14 GMT+0800 (Singapore Standard Time) - Task status changed from \'To Do\' to \'To Do\'. Task edited by user1.\n\nAdditional Notes from user1: \ntestfurther\n========================================\n========================================\nFri Jan 19 2024 14:07:44 GMT+0800 (Singapore Standard Time)\n Task status changed from \'To Do\' to \'To Do\'. Task edited by user1.\n\nAdditional Notes from user1: \nhello1\n========================================\n========================================\nFri Jan 19 2024 14:07:56 GMT+0800 (Singapore Standard Time)\nTask status changed from \'To Do\' to \'To Do\'. Task edited by user1.\n\nAdditional Notes from user1: \ncontinue testing\n========================================\n----------------------------------------\nFri Jan 19 2024 14:11:19 GMT+0800 (Singapore Standard Time)\nTask status changed from \'To Do\' to \'To Do\'. Task edited by user1.\n\nAdditional Notes from user1: \nTESTTTTTTTTTTTTT\n----------------------------------------\n----------------------------------------\nFri Jan 19 2024 14:11:26 GMT+0800 (Singapore Standard Time)\nTask status changed from \'To Do\' to \'To Do\'. Task edited by user1.\n\nAdditional Notes from user1: \ndoes this looks better\n----------------------------------------\n','sprint1','ABC'),('task1','app123_1','','closed','user1','user1','2024-01-19','Fri Jan 19 2024 15:24:23 GMT+0800 (Singapore Standard Time)\nTask status changed from \'Done\' to \'Closed\'. Task edited by user1.\n========================================\nFri Jan 19 2024 15:24:09 GMT+0800 (Singapore Standard Time)\nTask status changed from \'Doing\' to \'Done\'. Task edited by user1.\n========================================\nFri Jan 19 2024 15:24:07 GMT+0800 (Singapore Standard Time)\nTask status changed from \'To Do\' to \'Doing\'. Task edited by user1.\n========================================\nFri Jan 19 2024 15:24:03 GMT+0800 (Singapore Standard Time)\nTask status changed from \'Open\' to \'To Do\'. Task edited by user1.\n========================================\nFri Jan 19 2024 15:24:00 GMT+0800 (Singapore Standard Time)\nTask status changed from \'Create\' to \'Open\'. Task edited by user1.\n========================================\n',NULL,'app123'),('set up env','app1_1',NULL,'done','user1','dev','2024-01-18','Tue Jan 30 2024 09:15:15 GMT+0800 (Singapore Standard Time)\nTask status changed from \'Doing\' to \'Done\'. Task edited by dev.\n========================================\nTue Jan 30 2024 09:11:58 GMT+0800 (Singapore Standard Time)\nTask status changed from \'To Do\' to \'Doing\'. Task edited by dev.\n========================================\nFri Jan 19 2024 17:19:36 GMT+0800 (Singapore Standard Time)\nTask status changed from \'Open\' to \'To Do\'. Task edited by user1.\n========================================\nFri Jan 19 2024 17:19:29 GMT+0800 (Singapore Standard Time)\nTask status changed from \'Open\' to \'Open\'. Task edited by user1.\n\nAdditional Notes from user1: \nChanged description\n========================================\n========================================\nThu Jan 18 2024 16:03:39 GMT+0800 (Singapore Standard Time) - Task status changed from \'Create\' to \'Open\'. Task edited by user1.\n\n','sprint1','app1'),('task from postman','app1_10',NULL,'done','user1','dev','2024-01-30','Tue Feb 06 2024 02:23:35 GMT+0000 (Coordinated Universal Time)\nTask status changed from \'Doing\' to \'Done\'. Task edited by dev.\n========================================\nTue Feb 06 2024 10:19:57 GMT+0800 (Singapore Standard Time)\nTask status changed from \'To Do\' to \'Doing\'. Task edited by dev.\n========================================\nTue Feb 06 2024 10:19:18 GMT+0800 (Singapore Standard Time)\nTask status changed from \'Open\' to \'To Do\'. Task edited by pm.\n========================================\nTue Jan 30 2024 16:38:57 GMT+0800 (Singapore Standard Time)\nTask status changed from \'Create\' to \'Open\'. Task edited by user1.\n\nAdditional Notes from user1: \nhello,false\n========================================\n','sprint1','app1'),('task from curl','app1_11',NULL,'done','user1','dev','2024-01-30','Tue Feb 06 2024 03:22:28 GMT+0000 (Coordinated Universal Time)\nTask status changed from \'Doing\' to \'Done\'. Task edited by dev.\n========================================\nTue Feb 06 2024 10:19:59 GMT+0800 (Singapore Standard Time)\nTask status changed from \'To Do\' to \'Doing\'. Task edited by dev.\n========================================\nTue Feb 06 2024 10:19:21 GMT+0800 (Singapore Standard Time)\nTask status changed from \'Open\' to \'To Do\'. Task edited by pm.\n========================================\nTue Jan 30 2024 16:47:28 GMT+0800 (Singapore Standard Time)\nTask status changed from \'Create\' to \'Open\'. Task edited by user1.\n========================================\n','sprint1','app1'),('task from plan','app1_12',NULL,'doing','user1','dev','2024-01-30','Tue Feb 06 2024 10:20:01 GMT+0800 (Singapore Standard Time)\nTask status changed from \'To Do\' to \'Doing\'. Task edited by dev.\n========================================\nTue Feb 06 2024 10:19:23 GMT+0800 (Singapore Standard Time)\nTask status changed from \'Open\' to \'To Do\'. Task edited by pm.\n========================================\nTue Jan 30 2024 16:51:53 GMT+0800 (Singapore Standard Time)\nTask status changed from \'Create\' to \'Open\'. Task edited by user1.\n========================================\n',NULL,'app1'),('task from postman','app1_13','[false,\"hello\"]','doing','user1','dev','2024-01-30','Tue Feb 06 2024 10:20:03 GMT+0800 (Singapore Standard Time)\nTask status changed from \'To Do\' to \'Doing\'. Task edited by dev.\n========================================\nTue Feb 06 2024 10:19:24 GMT+0800 (Singapore Standard Time)\nTask status changed from \'Open\' to \'To Do\'. Task edited by pm.\n========================================\nTue Jan 30 2024 16:55:02 GMT+0800 (Singapore Standard Time)\nTask status changed from \'Create\' to \'Open\'. Task edited by user1.\n\nAdditional Notes from user1: \nhello,false\n========================================\n','sprint1','app1'),('task from postman2','App1_14','hello from the other side','doing','user1','dev','2024-01-31','Tue Feb 06 2024 10:20:05 GMT+0800 (Singapore Standard Time)\nTask status changed from \'To Do\' to \'Doing\'. Task edited by dev.\n========================================\nTue Feb 06 2024 10:19:26 GMT+0800 (Singapore Standard Time)\nTask status changed from \'Open\' to \'To Do\'. Task edited by pm.\n========================================\nWed Jan 31 2024 11:32:15 GMT+0800 (Singapore Standard Time)\nTask status changed from \'Create\' to \'Open\'. Task edited by user1.\n========================================\n','sprint1','App1'),('task from postman3','App1_15','hello from the other side','doing','user1','dev','2024-01-31','Tue Feb 06 2024 10:20:06 GMT+0800 (Singapore Standard Time)\nTask status changed from \'To Do\' to \'Doing\'. Task edited by dev.\n========================================\nTue Feb 06 2024 10:19:28 GMT+0800 (Singapore Standard Time)\nTask status changed from \'Open\' to \'To Do\'. Task edited by pm.\n========================================\nWed Jan 31 2024 11:42:58 GMT+0800 (Singapore Standard Time)\nTask status changed from \'Create\' to \'Open\'. Task edited by user1.\n========================================\n','sprint1','App1'),('task from postman3','App1_16','hello from the other side','doing','user1','dev','2024-01-31','Tue Feb 06 2024 10:20:07 GMT+0800 (Singapore Standard Time)\nTask status changed from \'To Do\' to \'Doing\'. Task edited by dev.\n========================================\nTue Feb 06 2024 10:19:30 GMT+0800 (Singapore Standard Time)\nTask status changed from \'Open\' to \'To Do\'. Task edited by pm.\n========================================\nWed Jan 31 2024 11:44:09 GMT+0800 (Singapore Standard Time)\nTask status changed from \'Create\' to \'Open\'. Task edited by user1.\n========================================\n','sprint1','App1'),('task from postman4','App1_17','hello from the other side','doing','user1','dev','2024-01-31','Tue Feb 06 2024 10:20:10 GMT+0800 (Singapore Standard Time)\nTask status changed from \'To Do\' to \'Doing\'. Task edited by dev.\n========================================\nTue Feb 06 2024 10:19:32 GMT+0800 (Singapore Standard Time)\nTask status changed from \'Open\' to \'To Do\'. Task edited by pm.\n========================================\nWed Jan 31 2024 11:52:57 GMT+0800 (Singapore Standard Time)\nTask status changed from \'Create\' to \'Open\'. Task edited by user1.\n========================================\n','sprint1','App1'),('task from postman5','App1_18','[\"01234567890012345678900123456789001234567890012345678900123456789001234567890012345678900123456789001234567890012345678900123456789001234567890012345678900123456789001234567890012345678900123456789001234567890012345678900123456789001234567890012345678\"]','doing','user1','dev','2024-01-31','Tue Feb 06 2024 10:20:11 GMT+0800 (Singapore Standard Time)\nTask status changed from \'To Do\' to \'Doing\'. Task edited by dev.\n========================================\nTue Feb 06 2024 10:19:33 GMT+0800 (Singapore Standard Time)\nTask status changed from \'Open\' to \'To Do\'. Task edited by pm.\n========================================\nWed Jan 31 2024 12:04:31 GMT+0800 (Singapore Standard Time)\nTask status changed from \'Create\' to \'Open\'. Task edited by user1.\n========================================\n','sprint1','App1'),('task from postman6','app1_19','yes','doing','user1','dev','2024-01-31','Tue Feb 06 2024 10:20:14 GMT+0800 (Singapore Standard Time)\nTask status changed from \'To Do\' to \'Doing\'. Task edited by dev.\n========================================\nTue Feb 06 2024 10:19:35 GMT+0800 (Singapore Standard Time)\nTask status changed from \'Open\' to \'To Do\'. Task edited by pm.\n========================================\nWed Jan 31 2024 12:15:17 GMT+0800 (Singapore Standard Time)\nTask status changed from \'Create\' to \'Open\'. Task edited by user1.\n========================================\n','sprint1','app1'),('change config file','app1_2',NULL,'done','user1','dev','2024-01-18','Tue Jan 30 2024 16:59:21 GMT+0800 (Singapore Standard Time)\nTask status changed from \'Doing\' to \'Done\'. Task edited by dev.\n========================================\nTue Jan 30 2024 09:12:01 GMT+0800 (Singapore Standard Time)\nTask status changed from \'To Do\' to \'Doing\'. Task edited by dev.\n========================================\nTue Jan 30 2024 09:11:20 GMT+0800 (Singapore Standard Time)\nTask status changed from \'Open\' to \'To Do\'. Task edited by pm.\n========================================\n========================================\nThu Jan 18 2024 16:04:07 GMT+0800 (Singapore Standard Time) - Task status changed from \'Create\' to \'Open\'. Task edited by user1.\nNOTES: \nYOO\n',NULL,'app1'),('task from postman6','app1_20',NULL,'doing','user1','dev','2024-01-31','Tue Feb 06 2024 10:20:16 GMT+0800 (Singapore Standard Time)\nTask status changed from \'To Do\' to \'Doing\'. Task edited by dev.\n========================================\nTue Feb 06 2024 10:19:37 GMT+0800 (Singapore Standard Time)\nTask status changed from \'Open\' to \'To Do\'. Task edited by pm.\n========================================\nWed Jan 31 2024 12:17:51 GMT+0800 (Singapore Standard Time)\nTask status changed from \'Create\' to \'Open\'. Task edited by user1.\n========================================\n','sprint1','app1'),('task from postman6','app1_21',NULL,'doing','user1','dev','2024-01-31','Tue Feb 06 2024 10:20:18 GMT+0800 (Singapore Standard Time)\nTask status changed from \'To Do\' to \'Doing\'. Task edited by dev.\n========================================\nTue Feb 06 2024 10:19:42 GMT+0800 (Singapore Standard Time)\nTask status changed from \'Open\' to \'To Do\'. Task edited by pm.\n========================================\nWed Jan 31 2024 12:25:37 GMT+0800 (Singapore Standard Time)\nTask status changed from \'Create\' to \'Open\'. Task edited by user1.\n========================================\n','sprint1','app1'),('task from postman7 hello','app1_22','hello \n hello','open','user1','user1','2024-01-31','Wed Jan 31 2024 13:07:39 GMT+0800 (Singapore Standard Time)\nTask status changed from \'Create\' to \'Open\'. Task edited by user1.\n========================================\n','sprint1','app1'),('task from postman7 hello','app1_23','hello','open','user1','user1','2024-01-31','Wed Jan 31 2024 13:32:04 GMT+0800 (Singapore Standard Time)\nTask status changed from \'Create\' to \'Open\'. Task edited by user1.\n========================================\n','sprint1','app1'),('task from postman7 hello','app1_24','hello','open','user1','user1','2024-01-31','Wed Jan 31 2024 13:33:38 GMT+0800 (Singapore Standard Time)\nTask status changed from \'Create\' to \'Open\'. Task edited by user1.\n========================================\n','sprint1','app1'),('nth task from postman for demo','app1_25',NULL,'open','user1','user1','2024-01-31','Wed Jan 31 2024 14:05:40 GMT+0800 (Singapore Standard Time)\nTask status changed from \'Create\' to \'Open\'. Task edited by user1.\n========================================\n','sprint1','app1'),('nth task from postman for demo','app1_26','hello from the other side','open','user1','user1','2024-01-31','Wed Jan 31 2024 14:07:27 GMT+0800 (Singapore Standard Time)\nTask status changed from \'Create\' to \'Open\'. Task edited by user1.\n========================================\n','sprint1','app1'),('nth task from postman for demo','app1_27','hello from the other side','open','user1','user1','2024-01-31','Wed Jan 31 2024 14:07:50 GMT+0800 (Singapore Standard Time)\nTask status changed from \'Create\' to \'Open\'. Task edited by user1.\n========================================\n','sprint1','app1'),('nth task from postman for demo','app1_28','hello from the other side','open','user1','user1','2024-02-05','Mon Feb 05 2024 08:52:00 GMT+0000 (Coordinated Universal Time)\nTask status changed from \'Create\' to \'Open\'. Task edited by user1.\n========================================\n','sprint1','app1'),('nth task from postman for demo','app1_29','hello from the other side','open','user1','user1','2024-02-05','Mon Feb 05 2024 08:58:55 GMT+0000 (Coordinated Universal Time)\nTask status changed from \'Create\' to \'Open\'. Task edited by user1.\n========================================\n','sprint1','app1'),('say hello','app1_3',NULL,'done','user1','dev','2024-01-18','Wed Jan 31 2024 14:11:05 GMT+0800 (Singapore Standard Time)\nTask status changed from \'Doing\' to \'Done\'. Task edited by dev.\n========================================\nTue Jan 30 2024 09:12:08 GMT+0800 (Singapore Standard Time)\nTask status changed from \'To Do\' to \'Doing\'. Task edited by dev.\n========================================\nTue Jan 30 2024 09:11:16 GMT+0800 (Singapore Standard Time)\nTask status changed from \'Open\' to \'To Do\'. Task edited by pm.\n========================================\n========================================\nThu Jan 18 2024 16:04:26 GMT+0800 (Singapore Standard Time) - Task status changed from \'Create\' to \'Open\'. Task edited by user1.\n\n',NULL,'app1'),('nth task from postman for demo','app1_30','hello from the other side','open','user1','user1','2024-02-06','Tue Feb 06 2024 02:23:21 GMT+0000 (Coordinated Universal Time)\nTask status changed from \'Create\' to \'Open\'. Task edited by user1.\n========================================\n','sprint1','app1'),('task from plan','app1_31',NULL,'open','user1','user1','2024-02-06','Tue Feb 06 2024 03:18:38 GMT+0000 (Coordinated Universal Time)\nTask status changed from \'Create\' to \'Open\'. Task edited by user1.\n========================================\n',NULL,'app1'),('task from postman','app1_4',NULL,'done','user1','dev','2024-01-29','Mon Feb 05 2024 08:51:54 GMT+0000 (Coordinated Universal Time)\nTask status changed from \'Doing\' to \'Done\'. Task edited by dev.\n========================================\nTue Jan 30 2024 09:12:13 GMT+0800 (Singapore Standard Time)\nTask status changed from \'To Do\' to \'Doing\'. Task edited by dev.\n========================================\nTue Jan 30 2024 09:11:18 GMT+0800 (Singapore Standard Time)\nTask status changed from \'Open\' to \'To Do\'. Task edited by pm.\n========================================\nMon Jan 29 2024 15:40:54 GMT+0800 (Singapore Standard Time)\nTask status changed from \'Create\' to \'Open\'. Task edited by user1.\n========================================\n','sprint1','app1'),('task1','app1_5','','todo','user1','pm','2024-01-30','Tue Jan 30 2024 09:11:12 GMT+0800 (Singapore Standard Time)\nTask status changed from \'Open\' to \'To Do\'. Task edited by pm.\n========================================\nTue Jan 30 2024 09:10:15 GMT+0800 (Singapore Standard Time)\nTask status changed from \'Create\' to \'Open\'. Task edited by user1.\n========================================\n','sprint1','app1'),('task2','app1_6','','todo','user1','pm','2024-01-30','Tue Jan 30 2024 09:11:14 GMT+0800 (Singapore Standard Time)\nTask status changed from \'Open\' to \'To Do\'. Task edited by pm.\n========================================\nTue Jan 30 2024 09:10:25 GMT+0800 (Singapore Standard Time)\nTask status changed from \'Create\' to \'Open\'. Task edited by user1.\n========================================\n','sprint1','app1'),('perma open task','app1_7','','open','pl','pl','2024-01-30','Tue Jan 30 2024 09:11:33 GMT+0800 (Singapore Standard Time)\nTask status changed from \'Create\' to \'Open\'. Task edited by pl.\n========================================\n','sprint1','app1'),('task from postman','app1_8','hello','open','user1','user1','2024-01-30','Tue Jan 30 2024 16:37:54 GMT+0800 (Singapore Standard Time)\nTask status changed from \'Create\' to \'Open\'. Task edited by user1.\n\nAdditional Notes from user1: \nhello,false\n========================================\n','sprint1','app1'),('task from postman','app1_9','0','open','user1','user1','2024-01-30','Tue Jan 30 2024 16:38:39 GMT+0800 (Singapore Standard Time)\nTask status changed from \'Create\' to \'Open\'. Task edited by user1.\n\nAdditional Notes from user1: \nhello,false\n========================================\n','sprint1','app1'),('fish','aquarium_10','this is an awesome fish','done','pl','dev','2024-01-25','Thu Jan 25 2024 10:56:02 GMT+0800 (Singapore Standard Time)\nTask status changed from \'Doing\' to \'Done\'. Task edited by dev.\n========================================\nThu Jan 25 2024 10:55:56 GMT+0800 (Singapore Standard Time)\nTask status changed from \'Done\' to \'Doing\'. Task edited by pl.\n========================================\nThu Jan 25 2024 10:55:46 GMT+0800 (Singapore Standard Time)\nTask status changed from \'Done\' to \'Done\'. Task edited by pl.\n========================================\nThu Jan 25 2024 09:30:32 GMT+0800 (Singapore Standard Time)\nTask status changed from \'Doing\' to \'Done\'. Task edited by pl.\n========================================\nThu Jan 25 2024 09:30:28 GMT+0800 (Singapore Standard Time)\nTask status changed from \'Done\' to \'Doing\'. Task edited by pl.\n========================================\nThu Jan 25 2024 09:27:33 GMT+0800 (Singapore Standard Time)\nTask status changed from \'Doing\' to \'Done\'. Task edited by pl.\n========================================\nThu Jan 25 2024 09:20:55 GMT+0800 (Singapore Standard Time)\nTask status changed from \'To Do\' to \'Doing\'. Task edited by dev.\n\nAdditional Notes from dev: \npromote by dev :)\n========================================\nThu Jan 25 2024 09:19:43 GMT+0800 (Singapore Standard Time)\nTask status changed from \'Open\' to \'To Do\'. Task edited by pm.\n\nAdditional Notes from pm: \npromote\n========================================\nThu Jan 25 2024 09:11:37 GMT+0800 (Singapore Standard Time)\nTask status changed from \'Create\' to \'Open\'. Task edited by pl.\n========================================\n','open season','aquarium'),('parrot','aquarium_11','happy parrot','todo','pl','dev','2024-01-25','Thu Jan 25 2024 09:21:05 GMT+0800 (Singapore Standard Time)\nTask status changed from \'Doing\' to \'To Do\'. Task edited by dev.\n\nAdditional Notes from dev: \ngiving up :(\n========================================\nThu Jan 25 2024 09:20:51 GMT+0800 (Singapore Standard Time)\nTask status changed from \'To Do\' to \'Doing\'. Task edited by dev.\n\nAdditional Notes from dev: \npromote by dev :)\n========================================\nThu Jan 25 2024 09:19:40 GMT+0800 (Singapore Standard Time)\nTask status changed from \'Open\' to \'To Do\'. Task edited by pm.\n\nAdditional Notes from pm: \npromote\n========================================\nThu Jan 25 2024 09:19:22 GMT+0800 (Singapore Standard Time)\nTask status changed from \'Open\' to \'Open\'. Task edited by pm.\n========================================\nThu Jan 25 2024 09:13:13 GMT+0800 (Singapore Standard Time)\nTask status changed from \'Create\' to \'Open\'. Task edited by pl.\n========================================\n','broke season','aquarium'),('hippo','aquarium_12','hip hop','closed','pl','pl','2024-01-25','Thu Jan 25 2024 09:24:03 GMT+0800 (Singapore Standard Time)\nTask status changed from \'Done\' to \'Closed\'. Task edited by pl.\n========================================\nThu Jan 25 2024 09:21:44 GMT+0800 (Singapore Standard Time)\nTask status changed from \'Doing\' to \'Done\'. Task edited by dev.\n\nAdditional Notes from dev: \ndone yay\n========================================\nThu Jan 25 2024 09:20:49 GMT+0800 (Singapore Standard Time)\nTask status changed from \'To Do\' to \'Doing\'. Task edited by dev.\n\nAdditional Notes from dev: \npromote by dev :)\n========================================\nThu Jan 25 2024 09:19:38 GMT+0800 (Singapore Standard Time)\nTask status changed from \'Open\' to \'To Do\'. Task edited by pm.\n\nAdditional Notes from pm: \npromote\n========================================\nThu Jan 25 2024 09:18:25 GMT+0800 (Singapore Standard Time)\nTask status changed from \'Open\' to \'Open\'. Task edited by pm.\n========================================\nThu Jan 25 2024 09:13:27 GMT+0800 (Singapore Standard Time)\nTask status changed from \'Create\' to \'Open\'. Task edited by pl.\n========================================\n','open season','aquarium'),('crocodile','aquarium_13','\n','doing','pl','dev','2024-01-25','Thu Jan 25 2024 10:55:18 GMT+0800 (Singapore Standard Time)\nTask status changed from \'To Do\' to \'Doing\'. Task edited by dev.\n========================================\nThu Jan 25 2024 10:55:13 GMT+0800 (Singapore Standard Time)\nTask status changed from \'To Do\' to \'To Do\'. Task edited by dev.\n========================================\nThu Jan 25 2024 10:36:04 GMT+0800 (Singapore Standard Time)\nTask status changed from \'Open\' to \'To Do\'. Task edited by pl.\n========================================\nThu Jan 25 2024 10:33:15 GMT+0800 (Singapore Standard Time)\nTask status changed from \'Create\' to \'Open\'. Task edited by pl.\n========================================\n','open season','aquarium'),('task2','aquarium_14','hhh','open','pl','pm','2024-01-25','Thu Jan 25 2024 13:09:30 GMT+0800 (Singapore Standard Time)\nTask status changed from \'Open\' to \'Open\'. Task edited by pm.\n========================================\nThu Jan 25 2024 13:09:00 GMT+0800 (Singapore Standard Time)\nTask status changed from \'Open\' to \'Open\'. Task edited by pm.\n\nAdditional Notes from pm: \nChanges made to plan from \'-\' to \'-\'.\n========================================\nThu Jan 25 2024 13:07:41 GMT+0800 (Singapore Standard Time)\nTask status changed from \'Open\' to \'Open\'. Task edited by pm.\n\nAdditional Notes from pm: \nChanges made to plan from \'-\' to \'-\'.\n========================================\nThu Jan 25 2024 13:06:49 GMT+0800 (Singapore Standard Time)\nTask status changed from \'Open\' to \'Open\'. Task edited by pm.\n\nAdditional Notes from pm: \nChanges made to plan from \'broke season\' to \'-\'.\n========================================\nThu Jan 25 2024 13:06:45 GMT+0800 (Singapore Standard Time)\nTask status changed from \'Open\' to \'Open\'. Task edited by pm.\n\nAdditional Notes from pm: \nChanges made to plan from \'open season\' to \'broke season\'.\n========================================\nThu Jan 25 2024 13:06:21 GMT+0800 (Singapore Standard Time)\nTask status changed from \'Open\' to \'Open\'. Task edited by pm.\n\nAdditional Notes from pm: \nChanges made to plan from broke season to open season.\n========================================\nThu Jan 25 2024 13:06:13 GMT+0800 (Singapore Standard Time)\nTask status changed from \'Open\' to \'Open\'. Task edited by pm.\n\nAdditional Notes from pm: \nChanges made to plan from -} to broke season.\n========================================\nThu Jan 25 2024 13:05:53 GMT+0800 (Singapore Standard Time)\nTask status changed from \'Open\' to \'Open\'. Task edited by pm.\n\nAdditional Notes from pm: \nChanges made to plan from broke season} to -.\n========================================\nThu Jan 25 2024 13:05:25 GMT+0800 (Singapore Standard Time)\nTask status changed from \'Open\' to \'Open\'. Task edited by pm.\n\nAdditional Notes from pm: \nChanges made to plan from null to broke season.\n========================================\nThu Jan 25 2024 13:04:08 GMT+0800 (Singapore Standard Time)\nTask status changed from \'Open\' to \'Open\'. Task edited by pm.\n\nAdditional Notes from pm: \nChanges made to plan from broke season to \"\".\n========================================\nThu Jan 25 2024 13:04:00 GMT+0800 (Singapore Standard Time)\nTask status changed from \'Open\' to \'Open\'. Task edited by pm.\n\nAdditional Notes from pm: \nChanges made to plan from null to broke season.\n========================================\nThu Jan 25 2024 13:02:40 GMT+0800 (Singapore Standard Time)\nTask status changed from \'Open\' to \'Open\'. Task edited by pm.\n\nAdditional Notes from pm: \nChanges made to plan from broke season to \n========================================\nThu Jan 25 2024 12:56:24 GMT+0800 (Singapore Standard Time)\nTask status changed from \'Open\' to \'Open\'. Task edited by pm.\n\nAdditional Notes from pm: \nChanges made to plan from open season to broke season\n========================================\nThu Jan 25 2024 12:55:14 GMT+0800 (Singapore Standard Time)\nTask status changed from \'Open\' to \'Open\'. Task edited by pm.\n\nAdditional Notes from pm: \nChanges made to plan from broke season to open season\n========================================\nThu Jan 25 2024 12:54:26 GMT+0800 (Singapore Standard Time)\nTask status changed from \'Open\' to \'Open\'. Task edited by pm.\n\nAdditional Notes from pm: \n\nChanges made to plan from open season to broke season\n========================================\nThu Jan 25 2024 12:53:28 GMT+0800 (Singapore Standard Time)\nTask status changed from \'Open\' to \'Open\'. Task edited by pm.\n========================================\nThu Jan 25 2024 12:51:07 GMT+0800 (Singapore Standard Time)\nTask status changed from \'Open\' to \'Open\'. Task edited by pm.\n\nAdditional Notes from pm: \n \nChanges made to plan from null to broke season\n========================================\nThu Jan 25 2024 12:50:23 GMT+0800 (Singapore Standard Time)\nTask status changed from \'Open\' to \'Open\'. Task edited by pm.\n========================================\nThu Jan 25 2024 12:50:14 GMT+0800 (Singapore Standard Time)\nTask status changed from \'Open\' to \'Open\'. Task edited by pm.\n\nAdditional Notes from pm: \n + \nChanges made to plan from broke season to open season\n========================================\nThu Jan 25 2024 12:49:53 GMT+0800 (Singapore Standard Time)\nTask status changed from \'Open\' to \'Open\'. Task edited by pm.\n\nAdditional Notes from pm: \n + \nChanges made to plan from null to broke season\n========================================\nThu Jan 25 2024 10:37:03 GMT+0800 (Singapore Standard Time)\nTask status changed from \'Create\' to \'Open\'. Task edited by pl.\n========================================\n',NULL,'aquarium'),('fish','aquarium_9','HELLLOOOO','todo','pl','dev','2024-01-25','Thu Jan 25 2024 10:55:26 GMT+0800 (Singapore Standard Time)\nTask status changed from \'Doing\' to \'To Do\'. Task edited by dev.\n========================================\nThu Jan 25 2024 10:55:23 GMT+0800 (Singapore Standard Time)\nTask status changed from \'Doing\' to \'Doing\'. Task edited by dev.\n========================================\nThu Jan 25 2024 09:24:23 GMT+0800 (Singapore Standard Time)\nTask status changed from \'Done\' to \'Doing\'. Task edited by pl.\n========================================\nThu Jan 25 2024 09:21:34 GMT+0800 (Singapore Standard Time)\nTask status changed from \'Doing\' to \'Done\'. Task edited by dev.\n========================================\nThu Jan 25 2024 09:20:46 GMT+0800 (Singapore Standard Time)\nTask status changed from \'To Do\' to \'Doing\'. Task edited by dev.\n\nAdditional Notes from dev: \npromote by dev :)\n========================================\nThu Jan 25 2024 09:19:35 GMT+0800 (Singapore Standard Time)\nTask status changed from \'Open\' to \'To Do\'. Task edited by pm.\n\nAdditional Notes from pm: \npromote\n========================================\nThu Jan 25 2024 09:18:17 GMT+0800 (Singapore Standard Time)\nTask status changed from \'Open\' to \'Open\'. Task edited by pm.\n========================================\nThu Jan 25 2024 09:11:17 GMT+0800 (Singapore Standard Time)\nTask status changed from \'Create\' to \'Open\'. Task edited by pl.\n\nAdditional Notes from pl: \nimport React, { useEffect, useState, useContext } from \"react\";\nimport { useNavigate, Out } from \"react-router-dom\";\nimport axios from \"axios\";\n\nimport GlobalContext from \"../components/GlobalContext\";\n\nimport Page from \"../components/Page\";\nimport AppCreateModal from \"../components/AppCreateModal\";\nimport AppDetailsModal from \"../components/AppDetailsModal\";\n\nimport { Typography, Table, Sheet, Box, Button, Modal, ModalClose } from \"@mui/joy\";\n\nfunction AppsPage() {\n  const [allApps, setAllApps] = useState([]);\n  const [isPL, setIsPL] = useState(false);\n  const [appChangeRequest, setAppChangeRequest] = useState(0);\n  const [createApp, setCreateApp] = useState(false);\n  const [editApp, setEditApp] = useState(false);\n  const [editableAppID, setEditableAppID] = useState(\"\");\n  const navigate = useNavigate();\n\n  const { handleAlerts } = useContext(GlobalContext);\n\n  const handleEdit = appAcronym => {\n    setEditableAppID(appAcronym);\n    setEditApp(true);\n  };\n\n  useEffect(() => {\n    const controller = new AbortController();\n    async function getApps() {\n      try {\n        await axios\n          .get(\"/apps/all\")\n          .then(response => setAllApps(response.data.results))\n          .catch(error => {\n            console.log(error.response.data.message);\n            handleAlerts(`${error.response.data.message}`, false);\n          });\n      } catch (error) {\n        console.log(error);\n        handleAlerts(\"Error: Internal Server Error\", false);\n      }\n    }\n    getApps();\n\n    return controller.abort();\n  }, [appChangeRequest]);\n\n  useEffect(() => {\n    console.log(\"Running useEffect to check if user is project lead\");\n    async function checkGroup(authorisedGroup) {\n      try {\n        await axios\n          .post(\"/authorize\", { authorisedGroup })\n          .then(response => setIsPL(response.data.success))\n          .catch(error => {\n            console.log(error.response.data.message);\n            handleAlerts(`${error.response.data.message}`, false);\n          });\n      } catch (error) {\n        console.log(error);\n        handleAlerts(\"Error: Internal Server Error\", false);\n      }\n    }\n\n    checkGroup(\"projectlead\");\n  }, []);\n  return (\n    <Page title=\"Apps\">\n      <Box display=\"flex\" justifyContent=\"center\">\n        <Box>\n          <Box\n            sx={{\n              display: \"flex\",\n              flexDirection: \"row\",\n              alignItems: \"center\",\n              m: \"2rem\",\n              maxWidth: \"90rem\"\n            }}\n          >\n            <Typography level=\"h3\" sx={{ textAlign: \"left\", flexGrow: 1 }}>\n              Applications\n            </Typography>\n            <Box\n              sx={{\n                display: \"flex\",\n                flexDirection: \"row\",\n                gap: 1.5,\n                alignItems: \"center\"\n              }}\n            >\n              {isPL && (\n                <Button variant=\"solid\" size=\"sm\" onClick={() => setCreateApp(true)}>\n                  Add Application\n                </Button>\n              )}\n            </Box>\n          </Box>\n          <Sheet\n            variant=\"outlined\"\n            sx={{\n              ml: \"2rem\",\n              mr: \"2rem\",\n              mt: \"1rem\",\n              mb: \"1rem\",\n              borderRadius: \"sm\",\n              maxWidth: \"90rem\",\n              \"--Table-firstColumnWidth\": \"180px\",\n              \"--Table-lastColumnWidth\": \"160px\",\n              // background needs to have transparency to show the scrolling shadows\n              \"--TableRow-stripeBackground\": \"rgba(0 0 0 / 0.04)\",\n              \"--TableRow-hoverBackground\": \"rgba(0 0 0 / 0.08)\",\n              overflow: \"auto\",\n              backgroundColor: \"background.surface\"\n            }}\n          >\n            <Table\n              borderAxis=\"xBetween\"\n              stickyHeader\n              hoverRow\n              sx={{\n                // \"& tr > *:first-of-type\": {\n                //   position: \"sticky\",\n                //   left: 0,\n                //   boxShadow: \"1px 0 var(--TableCell-borderColor)\",\n                //   bgcolor: \"background.surface\"\n                // },\n                \"& tr > *:last-child\": {\n                  position: \"sticky\",\n                  right: 0,\n                  bgcolor: \"var(--TableCell-headBackground)\"\n                },\n                whiteSpace: \"normal\",\n                wordWrap: \"break-word\"\n              }}\n            >\n              <thead>\n                <tr>\n                  <th style={{ verticalAlign: \"top\", width: \"var(--Table-firstColumnWidth)\" }}>Acronym</th>\n                  <th style={{ verticalAlign: \"top\", textAlign: \"center\", whiteSpace: \"normal\", wordWrap: \"break-word\" }}>Start Date</th>\n                  <th style={{ verticalAlign: \"top\", textAlign: \"center\", whiteSpace: \"normal\", wordWrap: \"break-word\" }}>End Date</th>\n                  <th style={{ verticalAlign: \"top\", textAlign: \"center\", whiteSpace: \"normal\", wordWrap: \"break-word\" }}>Create Tasks</th>\n                  <th style={{ verticalAlign: \"top\", textAlign: \"center\", whiteSpace: \"normal\", wordWrap: \"break-word\" }}>Edit Open Task</th>\n                  <th style={{ verticalAlign: \"top\", textAlign: \"center\", whiteSpace: \"normal\", wordWrap: \"break-word\" }}>Edit To Do Task</th>\n                  <th style={{ verticalAlign: \"top\", textAlign: \"center\", whiteSpace: \"normal\", wordWrap: \"break-word\" }}>Edit Doing Task</th>\n                  <th style={{ verticalAlign: \"top\", textAlign: \"center\", whiteSpace: \"normal\", wordWrap: \"break-word\" }}>Edit Done Task</th>\n\n                  <th rowSpan={2} aria-label=\"last\" style={{ width: \"var(--Table-lastColumnWidth)\" }} />\n                </tr>\n              </thead>\n              <tbody>\n                {allApps &&\n                  allApps.map(row => {\n                    return (\n                      <tr key={row.app_acronym}>\n                        <td>{row.app_acronym}</td>\n                        <td style={{ textAlign: \"center\" }}>{row.app_startdate}</td>\n                        <td style={{ textAlign: \"center\" }}>{row.app_enddate}</td>\n                        <td style={{ textAlign: \"center\" }}>{row.app_permit_create}</td>\n                        <td style={{ textAlign: \"center\" }}>{row.app_permit_open}</td>\n                        <td style={{ textAlign: \"center\" }}>{row.app_permit_todolist}</td>\n                        <td style={{ textAlign: \"center\" }}>{row.app_permit_doing}</td>\n                        <td style={{ textAlign: \"center\" }}>{row.app_permit_done}</td>\n                        <td>\n                          <Box sx={{ display: \"flex\", gap: 1, justifyContent: \"center\", alignItems: \"center\" }}>\n                            <Button size=\"sm\" variant=\"plain\" color=\"primary\" onClick={() => handleEdit(row.app_acronym)}>\n                              View\n                            </Button>\n                            <Button size=\"sm\" variant=\"outlined\" color=\"primary\" onClick={() => navigate(`/apps/${row.app_acronym}`)}>\n                              Kanban\n                            </Button>\n                          </Box>\n                        </td>\n                      </tr>\n                    );\n                  })}\n              </tbody>\n            </Table>\n            {!allApps && (\n              <Typography level=\"body-sm\" sx={{ textAlign: \"center\", flexGrow: 1, m: \"2rem\" }}>\n                There are no applications created.\n              </Typography>\n            )}\n          </Sheet>\n        </Box>\n      </Box>\n      <Modal aria-labelledby=\"modal-title\" aria-describedby=\"modal-desc\" open={createApp} onClose={() => setCreateApp(false)} sx={{ display: \"flex\", justifyContent: \"center\", alignItems: \"center\" }}>\n        <Sheet\n          variant=\"outlined\"\n          sx={{\n            width: \"60%\",\n            borderRadius: \"md\",\n            p: 3,\n            boxShadow: \"lg\",\n            height: \"80%\",\n            overflowY: \"scroll\"\n          }}\n        >\n          <ModalClose variant=\"plain\" sx={{ m: 1 }} />\n\n          <AppCreateModal setAppChangeRequest={setAppChangeRequest} setCreateApp={setCreateApp} setIsPL={setIsPL} />\n        </Sheet>\n      </Modal>\n      <Modal aria-labelledby=\"modal-title\" aria-describedby=\"modal-desc\" open={editApp} onClose={() => setEditApp(false)} sx={{ display: \"flex\", justifyContent: \"center\", alignItems: \"center\" }}>\n        <Sheet\n          variant=\"outlined\"\n          sx={{\n            width: \"60%\",\n            borderRadius: \"md\",\n            p: 3,\n            boxShadow: \"lg\",\n            height: \"80%\",\n            overflowY: \"scroll\"\n          }}\n        >\n          <ModalClose variant=\"plain\" sx={{ m: 1 }} />\n\n          <AppDetailsModal appid={editableAppID} setAppChangeRequest={setAppChangeRequest} setCreateApp={setCreateApp} />\n        </Sheet>\n      </Modal>\n    </Page>\n  );\n}\n\nexport default AppsPage;\n\n========================================\n','broke season','aquarium'),('lion','zoo1_10',NULL,'done','pl','dev','2024-01-25','Mon Jan 29 2024 15:44:41 GMT+0800 (Singapore Standard Time)\nTask status changed from \'Doing\' to \'Done\'. Task edited by dev.\n========================================\nThu Jan 25 2024 17:47:11 GMT+0800 (Singapore Standard Time)\nTask status changed from \'To Do\' to \'Doing\'. Task edited by dev.\n========================================\nThu Jan 25 2024 17:45:29 GMT+0800 (Singapore Standard Time)\nTask status changed from \'Open\' to \'To Do\'. Task edited by pm.\n========================================\nThu Jan 25 2024 17:39:57 GMT+0800 (Singapore Standard Time)\nTask status changed from \'Create\' to \'Open\'. Task edited by pl.\n========================================\n',NULL,'zoo1'),('tiger','zoo1_11','four legged','closed','pl','pl','2024-01-25','Thu Jan 25 2024 17:50:07 GMT+0800 (Singapore Standard Time)\nTask status changed from \'Done\' to \'Closed\'. Task edited by pl.\n========================================\nThu Jan 25 2024 17:48:15 GMT+0800 (Singapore Standard Time)\nTask status changed from \'Doing\' to \'Done\'. Task edited by dev.\n========================================\nThu Jan 25 2024 17:47:14 GMT+0800 (Singapore Standard Time)\nTask status changed from \'To Do\' to \'Doing\'. Task edited by dev.\n========================================\nThu Jan 25 2024 17:45:25 GMT+0800 (Singapore Standard Time)\nTask status changed from \'Open\' to \'To Do\'. Task edited by pm.\n\nAdditional Notes from pm: \nChanges made to plan from \'-\' to \'sprint 2\'.\n========================================\nThu Jan 25 2024 17:40:03 GMT+0800 (Singapore Standard Time)\nTask status changed from \'Create\' to \'Open\'. Task edited by pl.\n========================================\n','sprint 2','zoo1'),('snake','zoo1_12','very long belly','todo','pl','dev','2024-01-25','Thu Jan 25 2024 17:47:42 GMT+0800 (Singapore Standard Time)\nTask status changed from \'Doing\' to \'To Do\'. Task edited by dev.\n========================================\nThu Jan 25 2024 17:47:18 GMT+0800 (Singapore Standard Time)\nTask status changed from \'To Do\' to \'Doing\'. Task edited by dev.\n========================================\nThu Jan 25 2024 17:46:31 GMT+0800 (Singapore Standard Time)\nTask status changed from \'Open\' to \'To Do\'. Task edited by pm.\n========================================\nThu Jan 25 2024 17:46:03 GMT+0800 (Singapore Standard Time)\nTask status changed from \'Create\' to \'Open\'. Task edited by pl.\n========================================\n','sprint 2','zoo1'),('monkey','zoo1_9',NULL,'done','pl','dev','2024-01-25','Mon Jan 29 2024 15:46:11 GMT+0800 (Singapore Standard Time)\nTask status changed from \'Doing\' to \'Done\'. Task edited by dev.\n========================================\nThu Jan 25 2024 17:49:22 GMT+0800 (Singapore Standard Time)\nTask status changed from \'Done\' to \'Doing\'. Task edited by pl.\n========================================\nThu Jan 25 2024 17:47:57 GMT+0800 (Singapore Standard Time)\nTask status changed from \'Doing\' to \'Done\'. Task edited by dev.\n\nAdditional Notes from dev: \nRequest for plan change\n========================================\nThu Jan 25 2024 17:47:21 GMT+0800 (Singapore Standard Time)\nTask status changed from \'To Do\' to \'Doing\'. Task edited by dev.\n========================================\nThu Jan 25 2024 17:44:56 GMT+0800 (Singapore Standard Time)\nTask status changed from \'Open\' to \'To Do\'. Task edited by pm.\n\nAdditional Notes from pm: \nhello\n========================================\nThu Jan 25 2024 17:44:01 GMT+0800 (Singapore Standard Time)\nTask status changed from \'Open\' to \'Open\'. Task edited by pm.\n\nAdditional Notes from pm: \nChanges made to plan from \'-\' to \'sprint 1\'.\n========================================\nThu Jan 25 2024 17:39:29 GMT+0800 (Singapore Standard Time)\nTask status changed from \'Create\' to \'Open\'. Task edited by pl.\n\nAdditional Notes from pl: \nthis is a very bad monkey\n========================================\n','sprint 2','zoo1'),('hello world','zoo_2','hello','doing','user1','user1','2024-01-24','Wed Jan 24 2024 17:04:37 GMT+0800 (Singapore Standard Time)\nTask status changed from \'To Do\' to \'Doing\'. Task edited by user1.\n========================================\nWed Jan 24 2024 17:04:34 GMT+0800 (Singapore Standard Time)\nTask status changed from \'To Do\' to \'To Do\'. Task edited by user1.\n\nAdditional Notes from user1: \nhello\n========================================\nWed Jan 24 2024 17:04:16 GMT+0800 (Singapore Standard Time)\nTask status changed from \'Open\' to \'To Do\'. Task edited by user2.\n========================================\nWed Jan 24 2024 17:04:07 GMT+0800 (Singapore Standard Time)\nTask status changed from \'Open\' to \'Open\'. Task edited by user2.\n========================================\nWed Jan 24 2024 16:51:17 GMT+0800 (Singapore Standard Time)\nTask status changed from \'Create\' to \'Open\'. Task edited by user1.\n========================================\n','sprint1','zoo'),('hello world 1','zoo_3','','open','user1','user1','2024-01-24','Wed Jan 24 2024 16:51:39 GMT+0800 (Singapore Standard Time)\nTask status changed from \'Create\' to \'Open\'. Task edited by user1.\n========================================\n',NULL,'zoo');
/*!40000 ALTER TABLE `tasks` ENABLE KEYS */;
UNLOCK TABLES;

--
-- Table structure for table `usergroup`
--

DROP TABLE IF EXISTS `usergroup`;
/*!40101 SET @saved_cs_client     = @@character_set_client */;
/*!50503 SET character_set_client = utf8mb4 */;
CREATE TABLE `usergroup` (
  `groupname` varchar(45) NOT NULL,
  PRIMARY KEY (`groupname`),
  UNIQUE KEY `groupname_UNIQUE` (`groupname`)
) ENGINE=InnoDB DEFAULT CHARSET=utf8mb3;
/*!40101 SET character_set_client = @saved_cs_client */;

--
-- Dumping data for table `usergroup`
--

LOCK TABLES `usergroup` WRITE;
/*!40000 ALTER TABLE `usergroup` DISABLE KEYS */;
INSERT INTO `usergroup` VALUES ('admin'),('devops'),('devteam'),('devteam2'),('pl1'),('pl2'),('pm1'),('pm2'),('projectlead'),('sqa');
/*!40000 ALTER TABLE `usergroup` ENABLE KEYS */;
UNLOCK TABLES;
/*!40103 SET TIME_ZONE=@OLD_TIME_ZONE */;

/*!40101 SET SQL_MODE=@OLD_SQL_MODE */;
/*!40014 SET FOREIGN_KEY_CHECKS=@OLD_FOREIGN_KEY_CHECKS */;
/*!40014 SET UNIQUE_CHECKS=@OLD_UNIQUE_CHECKS */;
/*!40101 SET CHARACTER_SET_CLIENT=@OLD_CHARACTER_SET_CLIENT */;
/*!40101 SET CHARACTER_SET_RESULTS=@OLD_CHARACTER_SET_RESULTS */;
/*!40101 SET COLLATION_CONNECTION=@OLD_COLLATION_CONNECTION */;
/*!40111 SET SQL_NOTES=@OLD_SQL_NOTES */;

-- Dump completed on 2024-02-07 10:35:14
